{"cameraMode":{"drawMode":0,"name":"Shaded","section":"Shading Mode"},"sceneLighting":false,"audioPlay":false,"sceneViewState":{"m_AlwaysRefresh":false,"showFog":true,"showSkybox":false,"showFlares":true,"showImageEffects":true,"showParticleSystems":true,"showVisualEffectGraphs":true,"m_FxEnabled":true},"in2DMode":false,"pivot":{"x":0.006567895412445068,"y":1.5499999523162842,"z":22.8799991607666},"rotation":{"x":0.18276937305927277,"y":0.4088013470172882,"z":-0.08393240720033646,"w":0.8901941776275635},"size":0.940630316734314,"orthographic":false}